{
    "@context": {
        "@base": "http://lynx-project.eu/kos/labour law",
        "dcterms": "http://purl.org/dc/terms/",
        "rdfs": "http://www.w3.org/2000/01/rdf-schema#",
        "rdf": "http://www.w3.org/1999/02/22-rdf-syntax-ns#",
        "dc": "http://purl.org/dc/elements/1.1/",
        "skos": "http://www.w3.org/2004/02/skos/core#",
        "owl": "http://www.w3.org/2002/07/owl#",
        "skos:broader": {
            "@type": "@id"
        },
        "skos:inScheme": {
            "@type": "@id"
        },
        "skos:related": {
            "@type": "@id"
        },
        "skos:narrower": {
            "@type": "@id"
        },
        "skos:hasTopConcept": {
            "@type": "@id"
        },
        "skos:topConceptOf": {
            "@type": "@id"
        }
    },
    "@id": "LT8509560",
    "@type": "skos:Concept",
    "skos:inScheme": "acuerdos interprofesionales",
    "owl:sameAs": "https://iate.europa.eu/entry/result/1402257",
    "skos:topConceptOf": "LT8509560",
    "skos:prefLabel": [
        {
            "@language": "es",
            "@value": "acuerdos interprofesionales"
        },
        {
            "@language": "en",
            "@value": "multi-sector agreement"
        },
        {
            "@language": "de",
            "@value": "Branchenvereinbarung"
        },
        {
            "@language": "nl",
            "@value": "overeenkomst van het betrokken bedrijfsleven"
        }
    ],
    "skos:altLabel": [
        {
            "@language": "es",
            "@value": "acuerdo intersectorial"
        },
        {
            "@language": "en",
            "@value": "multi-industry agreement"
        },
        {
            "@language": "en",
            "@value": "inter-trade agreement"
        },
        {
            "@language": "en",
            "@value": "inter-branch agreement"
        },
        {
            "@language": "en",
            "@value": "industry-level agreement"
        },
        {
            "@language": "nl",
            "@value": "bedrijfstakcao"
        },
        {
            "@language": "nl",
            "@value": "bedrijfstak-cao"
        },
        {
            "@language": "es",
            "@value": ""
        }
    ],
    "skos:definition": [
        {
            "@language": "en",
            "@value": "a collective agreement whose scope covers an entire industry or part of an industryor a range of similar enterprises relating to the productnature of productions process or raw material..."
        }
    ]
}