{
    "@context": {
        "@base": "http://lynx-project.eu/kos/labour law",
        "dcterms": "http://purl.org/dc/terms/",
        "rdfs": "http://www.w3.org/2000/01/rdf-schema#",
        "rdf": "http://www.w3.org/1999/02/22-rdf-syntax-ns#",
        "dc": "http://purl.org/dc/elements/1.1/",
        "skos": "http://www.w3.org/2004/02/skos/core#",
        "owl": "http://www.w3.org/2002/07/owl#",
        "skos:broader": {
            "@type": "@id"
        },
        "skos:inScheme": {
            "@type": "@id"
        },
        "skos:related": {
            "@type": "@id"
        },
        "skos:narrower": {
            "@type": "@id"
        },
        "skos:hasTopConcept": {
            "@type": "@id"
        },
        "skos:topConceptOf": {
            "@type": "@id"
        }
    },
    "@id": "LT2726922",
    "@type": "skos:Concept",
    "skos:inScheme": "carácter especial",
    "owl:sameAs": "https://iate.europa.eu/entry/result/1484057",
    "skos:topConceptOf": "LT2726922",
    "skos:prefLabel": [
        {
            "@language": "es",
            "@value": "carácter especial"
        },
        {
            "@language": "en",
            "@value": "pi character"
        },
        {
            "@language": "de",
            "@value": "Sonderzeichen"
        },
        {
            "@language": "nl",
            "@value": "pi-teken"
        }
    ],
    "skos:altLabel": [
        {
            "@language": "es",
            "@value": "carácter especial"
        },
        {
            "@language": "es",
            "@value": "tipo especial"
        },
        {
            "@language": "en",
            "@value": "pi font"
        },
        {
            "@language": "en",
            "@value": "sort"
        },
        {
            "@language": "en",
            "@value": "special sort"
        },
        {
            "@language": "en",
            "@value": "peculiar"
        },
        {
            "@language": "nl",
            "@value": "speciaal karakter"
        },
        {
            "@language": "es",
            "@value": ""
        }
    ],
    "skos:definition": [
        {
            "@language": "en",
            "@value": "a generic name for any graphic character that is not in the normal repertoire of a font on a formatting system or phototypesetter"
        },
        {
            "@language": "de",
            "@value": "spezielle Zeichen wie das Warenzeichensymbol das Kreuzzeichen usw."
        }
    ]
}