{
    "@context": {
        "@base": "http://lynx-project.eu/kos/labour law",
        "dcterms": "http://purl.org/dc/terms/",
        "rdfs": "http://www.w3.org/2000/01/rdf-schema#",
        "rdf": "http://www.w3.org/1999/02/22-rdf-syntax-ns#",
        "dc": "http://purl.org/dc/elements/1.1/",
        "skos": "http://www.w3.org/2004/02/skos/core#",
        "owl": "http://www.w3.org/2002/07/owl#",
        "skos:broader": {
            "@type": "@id"
        },
        "skos:inScheme": {
            "@type": "@id"
        },
        "skos:related": {
            "@type": "@id"
        },
        "skos:narrower": {
            "@type": "@id"
        },
        "skos:hasTopConcept": {
            "@type": "@id"
        },
        "skos:topConceptOf": {
            "@type": "@id"
        }
    },
    "@id": "LT9416652",
    "@type": "skos:Concept",
    "skos:inScheme": "causas económicas",
    "owl:sameAs": "https://iate.europa.eu/entry/result/3585584",
    "skos:topConceptOf": "LT9416652",
    "skos:prefLabel": [
        {
            "@language": "es",
            "@value": "causas económicas"
        },
        {
            "@language": "en",
            "@value": "dismissal by reasons of redundancy"
        },
        {
            "@language": "de",
            "@value": "betriebsbedingte Kündigung"
        },
        {
            "@language": "nl",
            "@value": "ontslag wegens gebrek aan werk"
        }
    ],
    "skos:altLabel": [
        {
            "@language": "de",
            "@value": "Kündigung aus Arbeitsmangel"
        },
        {
            "@language": "es",
            "@value": ""
        }
    ],
    "skos:definition": [],
    "skos:broader": [
        "LT5434134"
    ],
    "skos:related": [
        "LT3935650"
    ]
}