{
    "@context": {
        "@base": "http://lynx-project.eu/kos/labour law",
        "dcterms": "http://purl.org/dc/terms/",
        "rdfs": "http://www.w3.org/2000/01/rdf-schema#",
        "rdf": "http://www.w3.org/1999/02/22-rdf-syntax-ns#",
        "dc": "http://purl.org/dc/elements/1.1/",
        "skos": "http://www.w3.org/2004/02/skos/core#",
        "owl": "http://www.w3.org/2002/07/owl#",
        "skos:broader": {
            "@type": "@id"
        },
        "skos:inScheme": {
            "@type": "@id"
        },
        "skos:related": {
            "@type": "@id"
        },
        "skos:narrower": {
            "@type": "@id"
        },
        "skos:hasTopConcept": {
            "@type": "@id"
        },
        "skos:topConceptOf": {
            "@type": "@id"
        }
    },
    "@id": "LT4094850",
    "@type": "skos:Concept",
    "skos:inScheme": "cedente",
    "owl:sameAs": "https://iate.europa.eu/entry/result/828790",
    "skos:topConceptOf": "LT4094850",
    "skos:prefLabel": [
        {
            "@language": "es",
            "@value": "cedente"
        },
        {
            "@language": "en",
            "@value": "transferor"
        },
        {
            "@language": "de",
            "@value": "Übertragender"
        },
        {
            "@language": "nl",
            "@value": "vervreemder"
        }
    ],
    "skos:altLabel": [
        {
            "@language": "en",
            "@value": "assignor"
        },
        {
            "@language": "de",
            "@value": "Zedent"
        },
        {
            "@language": "de",
            "@value": "Veräusserer"
        },
        {
            "@language": "nl",
            "@value": "cedent"
        },
        {
            "@language": "es",
            "@value": ""
        }
    ],
    "skos:definition": [],
    "skos:broader": [
        "LT8146794"
    ]
}