{
    "@context": {
        "@base": "http://lynx-project.eu/kos/labour law",
        "dcterms": "http://purl.org/dc/terms/",
        "rdfs": "http://www.w3.org/2000/01/rdf-schema#",
        "rdf": "http://www.w3.org/1999/02/22-rdf-syntax-ns#",
        "dc": "http://purl.org/dc/elements/1.1/",
        "skos": "http://www.w3.org/2004/02/skos/core#",
        "owl": "http://www.w3.org/2002/07/owl#",
        "skos:broader": {
            "@type": "@id"
        },
        "skos:inScheme": {
            "@type": "@id"
        },
        "skos:related": {
            "@type": "@id"
        },
        "skos:narrower": {
            "@type": "@id"
        },
        "skos:hasTopConcept": {
            "@type": "@id"
        },
        "skos:topConceptOf": {
            "@type": "@id"
        }
    },
    "@id": "LT1740874",
    "@type": "skos:Concept",
    "skos:inScheme": "cesionario",
    "owl:sameAs": "https://iate.europa.eu/entry/result/136721",
    "skos:topConceptOf": "LT1740874",
    "skos:prefLabel": [
        {
            "@language": "es",
            "@value": "cesionario"
        },
        {
            "@language": "en",
            "@value": "transferee"
        },
        {
            "@language": "de",
            "@value": "Erwerber"
        },
        {
            "@language": "nl",
            "@value": "begunstigde"
        }
    ],
    "skos:altLabel": [
        {
            "@language": "nl",
            "@value": "verkrijger"
        },
        {
            "@language": "es",
            "@value": ""
        }
    ],
    "skos:definition": [
        {
            "@language": "en",
            "@value": "any natural or legal person who by reason of a transfer becomes the employer in respect of the undertaking business or part of the business"
        }
    ],
    "skos:broader": [
        "LT9117134"
    ]
}