{
    "@context": {
        "@base": "http://lynx-project.eu/kos/labour law",
        "dcterms": "http://purl.org/dc/terms/",
        "rdfs": "http://www.w3.org/2000/01/rdf-schema#",
        "rdf": "http://www.w3.org/1999/02/22-rdf-syntax-ns#",
        "dc": "http://purl.org/dc/elements/1.1/",
        "skos": "http://www.w3.org/2004/02/skos/core#",
        "owl": "http://www.w3.org/2002/07/owl#",
        "skos:broader": {
            "@type": "@id"
        },
        "skos:inScheme": {
            "@type": "@id"
        },
        "skos:related": {
            "@type": "@id"
        },
        "skos:narrower": {
            "@type": "@id"
        },
        "skos:hasTopConcept": {
            "@type": "@id"
        },
        "skos:topConceptOf": {
            "@type": "@id"
        }
    },
    "@id": "LT2268950",
    "@type": "skos:Concept",
    "skos:inScheme": "clasificación profesional",
    "owl:sameAs": "https://iate.europa.eu/entry/result/762783",
    "skos:topConceptOf": "LT2268950",
    "skos:prefLabel": [
        {
            "@language": "es",
            "@value": "clasificación profesional"
        },
        {
            "@language": "en",
            "@value": "job classification system"
        }
    ],
    "skos:altLabel": [
        {
            "@language": "es",
            "@value": ""
        }
    ],
    "skos:definition": [
        {
            "@language": "es",
            "@value": "Asignación de cada trabajador a un grupo profesional que agrupa unitariamente las aptitudes profesionales titulaciones y contenido general de la prestación y podrá incluir distintas tareas funciones especialidades profesionales o responsabilidades asignadas al trabajador."
        }
    ]
}