{
    "@context": {
        "@base": "http://lynx-project.eu/kos/labour law",
        "dcterms": "http://purl.org/dc/terms/",
        "rdfs": "http://www.w3.org/2000/01/rdf-schema#",
        "rdf": "http://www.w3.org/1999/02/22-rdf-syntax-ns#",
        "dc": "http://purl.org/dc/elements/1.1/",
        "skos": "http://www.w3.org/2004/02/skos/core#",
        "owl": "http://www.w3.org/2002/07/owl#",
        "skos:broader": {
            "@type": "@id"
        },
        "skos:inScheme": {
            "@type": "@id"
        },
        "skos:related": {
            "@type": "@id"
        },
        "skos:narrower": {
            "@type": "@id"
        },
        "skos:hasTopConcept": {
            "@type": "@id"
        },
        "skos:topConceptOf": {
            "@type": "@id"
        }
    },
    "@id": "LT7434403",
    "@type": "skos:Concept",
    "skos:inScheme": "comisión consultiva nacional de convenios",
    "owl:sameAs": "https://iate.europa.eu/entry/result/1392398",
    "skos:topConceptOf": "LT7434403",
    "skos:prefLabel": [
        {
            "@language": "es",
            "@value": "comisión consultiva nacional de convenios"
        },
        {
            "@language": "de",
            "@value": "Oberste Tarifkommission"
        }
    ],
    "skos:altLabel": [
        {
            "@language": "es",
            "@value": "comisión superior de convenios colectivos"
        },
        {
            "@language": "de",
            "@value": "Oberste Tarifvertragskommission"
        },
        {
            "@language": "de",
            "@value": "Oberster Tarifausschuß"
        },
        {
            "@language": "de",
            "@value": "Oberster Tarifvertragsausschuß"
        },
        {
            "@language": "es",
            "@value": ""
        }
    ],
    "skos:definition": []
}