{
    "@context": {
        "@base": "http://lynx-project.eu/kos/labour law",
        "dcterms": "http://purl.org/dc/terms/",
        "rdfs": "http://www.w3.org/2000/01/rdf-schema#",
        "rdf": "http://www.w3.org/1999/02/22-rdf-syntax-ns#",
        "dc": "http://purl.org/dc/elements/1.1/",
        "skos": "http://www.w3.org/2004/02/skos/core#",
        "owl": "http://www.w3.org/2002/07/owl#",
        "skos:broader": {
            "@type": "@id"
        },
        "skos:inScheme": {
            "@type": "@id"
        },
        "skos:related": {
            "@type": "@id"
        },
        "skos:narrower": {
            "@type": "@id"
        },
        "skos:hasTopConcept": {
            "@type": "@id"
        },
        "skos:topConceptOf": {
            "@type": "@id"
        }
    },
    "@id": "LT8776563",
    "@type": "skos:Concept",
    "skos:inScheme": "contratos formativos",
    "owl:sameAs": "https://iate.europa.eu/entry/result/777628",
    "skos:topConceptOf": "LT8776563",
    "skos:prefLabel": [
        {
            "@language": "es",
            "@value": "contratos formativos"
        },
        {
            "@language": "en",
            "@value": "work-training contract"
        },
        {
            "@language": "nl",
            "@value": "werk-opleidingsovereenkomst"
        }
    ],
    "skos:altLabel": [
        {
            "@language": "es",
            "@value": ""
        }
    ],
    "skos:definition": [
        {
            "@language": "es",
            "@value": "El Estatuto distingue dos tipos de contratos: 'contrato de trabajo en prácticas' ('contrato en prácticas') para los poseedores de un título universitario o de formación profesional de grado medio o superior y 'contrato de aprendizaje' para jóvenes entre 16 y 25 años que carecen de las titulaciones mencionadas. Con el Real Decreto 488/1993 este último pasa a denominarse 'contrato para la formación'."
        }
    ]
}