{
    "@context": {
        "@base": "http://lynx-project.eu/kos/labour law",
        "dcterms": "http://purl.org/dc/terms/",
        "rdfs": "http://www.w3.org/2000/01/rdf-schema#",
        "rdf": "http://www.w3.org/1999/02/22-rdf-syntax-ns#",
        "dc": "http://purl.org/dc/elements/1.1/",
        "skos": "http://www.w3.org/2004/02/skos/core#",
        "owl": "http://www.w3.org/2002/07/owl#",
        "skos:broader": {
            "@type": "@id"
        },
        "skos:inScheme": {
            "@type": "@id"
        },
        "skos:related": {
            "@type": "@id"
        },
        "skos:narrower": {
            "@type": "@id"
        },
        "skos:hasTopConcept": {
            "@type": "@id"
        },
        "skos:topConceptOf": {
            "@type": "@id"
        }
    },
    "@id": "LT9009944",
    "@type": "skos:Concept",
    "skos:inScheme": "contrato para la formación",
    "owl:sameAs": "https://iate.europa.eu/entry/result/1392934",
    "skos:topConceptOf": "LT9009944",
    "skos:prefLabel": [
        {
            "@language": "es",
            "@value": "contrato para la formación"
        },
        {
            "@language": "de",
            "@value": "Berufsausbildungsvertrag"
        }
    ],
    "skos:altLabel": [
        {
            "@language": "es",
            "@value": "contrato de trabajo de formación"
        },
        {
            "@language": "es",
            "@value": "contrato para la formación en el trabajo"
        },
        {
            "@language": "de",
            "@value": "Ausbildungsvertrag"
        },
        {
            "@language": "es",
            "@value": ""
        }
    ],
    "skos:definition": [
        {
            "@language": "de",
            "@value": "Vertrag durch welchen sich der Ausbildende dazu verpflichtet dem Auszubildenden die erforderlichen Berufskenntnisse und Faehigkeiten in der vorgesehenen Zeit zu vermitteln"
        }
    ],
    "skos:broader": [
        "LT3900274"
    ],
    "skos:related": [
        "LT1767061"
    ]
}