{
    "@context": {
        "@base": "http://lynx-project.eu/kos/labour law",
        "dcterms": "http://purl.org/dc/terms/",
        "rdfs": "http://www.w3.org/2000/01/rdf-schema#",
        "rdf": "http://www.w3.org/1999/02/22-rdf-syntax-ns#",
        "dc": "http://purl.org/dc/elements/1.1/",
        "skos": "http://www.w3.org/2004/02/skos/core#",
        "owl": "http://www.w3.org/2002/07/owl#",
        "skos:broader": {
            "@type": "@id"
        },
        "skos:inScheme": {
            "@type": "@id"
        },
        "skos:related": {
            "@type": "@id"
        },
        "skos:narrower": {
            "@type": "@id"
        },
        "skos:hasTopConcept": {
            "@type": "@id"
        },
        "skos:topConceptOf": {
            "@type": "@id"
        }
    },
    "@id": "LT9179227",
    "@type": "skos:Concept",
    "skos:inScheme": "cómputo anual",
    "owl:sameAs": "https://iate.europa.eu/entry/result/1681568",
    "skos:topConceptOf": "LT9179227",
    "skos:prefLabel": [
        {
            "@language": "es",
            "@value": "cómputo anual"
        },
        {
            "@language": "en",
            "@value": "annualisation"
        },
        {
            "@language": "de",
            "@value": "Berechnung des äquivalenten Jahreseinkommens"
        },
        {
            "@language": "nl",
            "@value": "annualisatie"
        }
    ],
    "skos:altLabel": [
        {
            "@language": "es",
            "@value": "cómputo sobre una base anual"
        },
        {
            "@language": "en",
            "@value": "annualization"
        },
        {
            "@language": "es",
            "@value": ""
        }
    ],
    "skos:definition": [
        {
            "@language": "en",
            "@value": "the process of calculating the annual equivalent for income earned during a period of time shorter than a year"
        }
    ]
}