{
    "@context": {
        "@base": "http://lynx-project.eu/kos/labour law",
        "dcterms": "http://purl.org/dc/terms/",
        "rdfs": "http://www.w3.org/2000/01/rdf-schema#",
        "rdf": "http://www.w3.org/1999/02/22-rdf-syntax-ns#",
        "dc": "http://purl.org/dc/elements/1.1/",
        "skos": "http://www.w3.org/2004/02/skos/core#",
        "owl": "http://www.w3.org/2002/07/owl#",
        "skos:broader": {
            "@type": "@id"
        },
        "skos:inScheme": {
            "@type": "@id"
        },
        "skos:related": {
            "@type": "@id"
        },
        "skos:narrower": {
            "@type": "@id"
        },
        "skos:hasTopConcept": {
            "@type": "@id"
        },
        "skos:topConceptOf": {
            "@type": "@id"
        }
    },
    "@id": "LT4612518",
    "@type": "skos:Concept",
    "skos:inScheme": "dicho periodo",
    "owl:sameAs": "https://iate.europa.eu/entry/result/1233787",
    "skos:topConceptOf": "LT4612518",
    "skos:prefLabel": [
        {
            "@language": "es",
            "@value": "dicho periodo"
        },
        {
            "@language": "en",
            "@value": "for as long as that authorisation remains valid."
        },
        {
            "@language": "de",
            "@value": "die Geltungsdauer dieser Ermaechtigung"
        },
        {
            "@language": "nl",
            "@value": "de geldigheidsduur van deze machtiging"
        }
    ],
    "skos:altLabel": [
        {
            "@language": "es",
            "@value": ""
        }
    ],
    "skos:definition": []
}