{
    "@context": {
        "@base": "http://lynx-project.eu/kos/labour law",
        "dcterms": "http://purl.org/dc/terms/",
        "rdfs": "http://www.w3.org/2000/01/rdf-schema#",
        "rdf": "http://www.w3.org/1999/02/22-rdf-syntax-ns#",
        "dc": "http://purl.org/dc/elements/1.1/",
        "skos": "http://www.w3.org/2004/02/skos/core#",
        "owl": "http://www.w3.org/2002/07/owl#",
        "skos:broader": {
            "@type": "@id"
        },
        "skos:inScheme": {
            "@type": "@id"
        },
        "skos:related": {
            "@type": "@id"
        },
        "skos:narrower": {
            "@type": "@id"
        },
        "skos:hasTopConcept": {
            "@type": "@id"
        },
        "skos:topConceptOf": {
            "@type": "@id"
        }
    },
    "@id": "LT2992159",
    "@type": "skos:Concept",
    "skos:inScheme": "disposiciones legales",
    "owl:sameAs": "https://iate.europa.eu/entry/result/1101647",
    "skos:topConceptOf": "LT2992159",
    "skos:prefLabel": [
        {
            "@language": "es",
            "@value": "disposiciones legales"
        },
        {
            "@language": "en",
            "@value": "provisions laid down by law, regulation or administrative action relating to free zones"
        },
        {
            "@language": "de",
            "@value": "Rechts-und Verwaltungsvorschriften ueber Freizonen"
        },
        {
            "@language": "nl",
            "@value": "wettelijke en bestuursrechtelijke bepalingen met betrekking tot het stelsel van vrije zones"
        }
    ],
    "skos:altLabel": [
        {
            "@language": "es",
            "@value": "reglamentarias y administrativas relativas al régimen de zonas francas"
        },
        {
            "@language": "es",
            "@value": ""
        }
    ],
    "skos:definition": []
}