{
    "@context": {
        "@base": "http://lynx-project.eu/kos/labour law",
        "dcterms": "http://purl.org/dc/terms/",
        "rdfs": "http://www.w3.org/2000/01/rdf-schema#",
        "rdf": "http://www.w3.org/1999/02/22-rdf-syntax-ns#",
        "dc": "http://purl.org/dc/elements/1.1/",
        "skos": "http://www.w3.org/2004/02/skos/core#",
        "owl": "http://www.w3.org/2002/07/owl#",
        "skos:broader": {
            "@type": "@id"
        },
        "skos:inScheme": {
            "@type": "@id"
        },
        "skos:related": {
            "@type": "@id"
        },
        "skos:narrower": {
            "@type": "@id"
        },
        "skos:hasTopConcept": {
            "@type": "@id"
        },
        "skos:topConceptOf": {
            "@type": "@id"
        }
    },
    "@id": "LT9530044",
    "@type": "skos:Concept",
    "skos:inScheme": "duración determinada",
    "owl:sameAs": "https://iate.europa.eu/entry/result/794635",
    "skos:topConceptOf": "LT9530044",
    "skos:prefLabel": [
        {
            "@language": "es",
            "@value": "duración determinada"
        },
        {
            "@language": "en",
            "@value": "fixed-term work"
        },
        {
            "@language": "de",
            "@value": "befristetes Arbeitsverhältnis"
        },
        {
            "@language": "nl",
            "@value": "arbeid voor bepaalde tijd"
        }
    ],
    "skos:altLabel": [
        {
            "@language": "es",
            "@value": ""
        }
    ],
    "skos:definition": []
}