{
    "@context": {
        "@base": "http://lynx-project.eu/kos/labour law",
        "dcterms": "http://purl.org/dc/terms/",
        "rdfs": "http://www.w3.org/2000/01/rdf-schema#",
        "rdf": "http://www.w3.org/1999/02/22-rdf-syntax-ns#",
        "dc": "http://purl.org/dc/elements/1.1/",
        "skos": "http://www.w3.org/2004/02/skos/core#",
        "owl": "http://www.w3.org/2002/07/owl#",
        "skos:broader": {
            "@type": "@id"
        },
        "skos:inScheme": {
            "@type": "@id"
        },
        "skos:related": {
            "@type": "@id"
        },
        "skos:narrower": {
            "@type": "@id"
        },
        "skos:hasTopConcept": {
            "@type": "@id"
        },
        "skos:topConceptOf": {
            "@type": "@id"
        }
    },
    "@id": "LT9502448",
    "@type": "skos:Concept",
    "skos:inScheme": "duración superior",
    "owl:sameAs": "https://iate.europa.eu/entry/result/766781",
    "skos:topConceptOf": "LT9502448",
    "skos:prefLabel": [
        {
            "@language": "es",
            "@value": "duración superior"
        },
        {
            "@language": "en",
            "@value": "general system for the recognition of higher-education diplomas awarded on completion of professional education and training of at least three years' duration"
        },
        {
            "@language": "de",
            "@value": "allgemeine Regelung zur Anerkennung der Hochschuldiplome, die eine mindestens dreijährige Berufsausbildung abschliessen"
        },
        {
            "@language": "nl",
            "@value": "algemeen stelsel van erkenning van hoger-onderwijsdiploma's waarmee beroepsopleidingen van ten minste drie jaar worden afgesloten"
        }
    ],
    "skos:altLabel": [
        {
            "@language": "es",
            "@value": ""
        }
    ],
    "skos:definition": []
}