{
    "@context": {
        "@base": "http://lynx-project.eu/kos/labour law",
        "dcterms": "http://purl.org/dc/terms/",
        "rdfs": "http://www.w3.org/2000/01/rdf-schema#",
        "rdf": "http://www.w3.org/1999/02/22-rdf-syntax-ns#",
        "dc": "http://purl.org/dc/elements/1.1/",
        "skos": "http://www.w3.org/2004/02/skos/core#",
        "owl": "http://www.w3.org/2002/07/owl#",
        "skos:broader": {
            "@type": "@id"
        },
        "skos:inScheme": {
            "@type": "@id"
        },
        "skos:related": {
            "@type": "@id"
        },
        "skos:narrower": {
            "@type": "@id"
        },
        "skos:hasTopConcept": {
            "@type": "@id"
        },
        "skos:topConceptOf": {
            "@type": "@id"
        }
    },
    "@id": "LT3675005",
    "@type": "skos:Concept",
    "skos:inScheme": "fondo de garantía salarial",
    "owl:sameAs": "https://iate.europa.eu/entry/result/114348",
    "skos:topConceptOf": "LT3675005",
    "skos:prefLabel": [
        {
            "@language": "es",
            "@value": "fondo de garantía salarial"
        },
        {
            "@language": "en",
            "@value": "FOGASA"
        },
        {
            "@language": "de",
            "@value": "Gehaltsgarantiefonds"
        },
        {
            "@language": "nl",
            "@value": "Salarisgarantiefonds"
        }
    ],
    "skos:altLabel": [
        {
            "@language": "es",
            "@value": "FOGASA"
        },
        {
            "@language": "es",
            "@value": "Fogasa"
        },
        {
            "@language": "es",
            "@value": "Fondo de Garantía Salarial"
        },
        {
            "@language": "en",
            "@value": "Salary Guarantees Fund"
        },
        {
            "@language": "en",
            "@value": "Wages Guarantee Fund"
        },
        {
            "@language": "es",
            "@value": ""
        }
    ],
    "skos:definition": []
}