{
    "@context": {
        "@base": "http://lynx-project.eu/kos/labour law",
        "dcterms": "http://purl.org/dc/terms/",
        "rdfs": "http://www.w3.org/2000/01/rdf-schema#",
        "rdf": "http://www.w3.org/1999/02/22-rdf-syntax-ns#",
        "dc": "http://purl.org/dc/elements/1.1/",
        "skos": "http://www.w3.org/2004/02/skos/core#",
        "owl": "http://www.w3.org/2002/07/owl#",
        "skos:broader": {
            "@type": "@id"
        },
        "skos:inScheme": {
            "@type": "@id"
        },
        "skos:related": {
            "@type": "@id"
        },
        "skos:narrower": {
            "@type": "@id"
        },
        "skos:hasTopConcept": {
            "@type": "@id"
        },
        "skos:topConceptOf": {
            "@type": "@id"
        }
    },
    "@id": "LT3216331",
    "@type": "skos:Concept",
    "skos:inScheme": "horas extraordinarias",
    "owl:sameAs": "https://iate.europa.eu/entry/result/833958",
    "skos:topConceptOf": "LT3216331",
    "skos:prefLabel": [
        {
            "@language": "es",
            "@value": "horas extraordinarias"
        },
        {
            "@language": "en",
            "@value": "overtime"
        },
        {
            "@language": "de",
            "@value": "Überstunden"
        },
        {
            "@language": "nl",
            "@value": "overwerk"
        }
    ],
    "skos:altLabel": [
        {
            "@language": "nl",
            "@value": "overuren"
        },
        {
            "@language": "es",
            "@value": ""
        }
    ],
    "skos:definition": [
        {
            "@language": "es",
            "@value": "Horas de trabajo que superan la jornada normal de trabajo. Sólo pueden prestarse en casos de urgencia o de acumulación excepcional de trabajo y según los casos dan lugar a compensación o retribución."
        }
    ]
}