{
    "@context": {
        "@base": "http://lynx-project.eu/kos/labour law",
        "dcterms": "http://purl.org/dc/terms/",
        "rdfs": "http://www.w3.org/2000/01/rdf-schema#",
        "rdf": "http://www.w3.org/1999/02/22-rdf-syntax-ns#",
        "dc": "http://purl.org/dc/elements/1.1/",
        "skos": "http://www.w3.org/2004/02/skos/core#",
        "owl": "http://www.w3.org/2002/07/owl#",
        "skos:broader": {
            "@type": "@id"
        },
        "skos:inScheme": {
            "@type": "@id"
        },
        "skos:related": {
            "@type": "@id"
        },
        "skos:narrower": {
            "@type": "@id"
        },
        "skos:hasTopConcept": {
            "@type": "@id"
        },
        "skos:topConceptOf": {
            "@type": "@id"
        }
    },
    "@id": "LT6212651",
    "@type": "skos:Concept",
    "skos:inScheme": "jornada diaria",
    "owl:sameAs": "https://iate.europa.eu/entry/result/1353402",
    "skos:topConceptOf": "LT6212651",
    "skos:prefLabel": [
        {
            "@language": "es",
            "@value": "jornada diaria"
        },
        {
            "@language": "en",
            "@value": "day work period"
        },
        {
            "@language": "de",
            "@value": "Betriebszeit"
        },
        {
            "@language": "nl",
            "@value": "normale werktijd"
        }
    ],
    "skos:altLabel": [
        {
            "@language": "es",
            "@value": ""
        }
    ],
    "skos:definition": [
        {
            "@language": "en",
            "@value": "the daily 8 hours must be placed without intervals in the period between 6.00 a.m.and 5.p.m."
        },
        {
            "@language": "de",
            "@value": "Zeit von Anfang bis Ende der betrieblichen Leistungserstellung"
        }
    ]
}