{
    "@context": {
        "@base": "http://lynx-project.eu/kos/labour law",
        "dcterms": "http://purl.org/dc/terms/",
        "rdfs": "http://www.w3.org/2000/01/rdf-schema#",
        "rdf": "http://www.w3.org/1999/02/22-rdf-syntax-ns#",
        "dc": "http://purl.org/dc/elements/1.1/",
        "skos": "http://www.w3.org/2004/02/skos/core#",
        "owl": "http://www.w3.org/2002/07/owl#",
        "skos:broader": {
            "@type": "@id"
        },
        "skos:inScheme": {
            "@type": "@id"
        },
        "skos:related": {
            "@type": "@id"
        },
        "skos:narrower": {
            "@type": "@id"
        },
        "skos:hasTopConcept": {
            "@type": "@id"
        },
        "skos:topConceptOf": {
            "@type": "@id"
        }
    },
    "@id": "LT9041108",
    "@type": "skos:Concept",
    "skos:inScheme": "jurisdicción social",
    "owl:sameAs": "https://iate.europa.eu/entry/result/264737",
    "skos:topConceptOf": "LT9041108",
    "skos:prefLabel": [
        {
            "@language": "es",
            "@value": "jurisdicción social"
        },
        {
            "@language": "en",
            "@value": "labour courts"
        },
        {
            "@language": "de",
            "@value": "Sozialgerichtsbarkeit"
        }
    ],
    "skos:altLabel": [
        {
            "@language": "es",
            "@value": "jurisdicción del orden social"
        },
        {
            "@language": "es",
            "@value": "jurisdicción laboral"
        },
        {
            "@language": "es",
            "@value": ""
        }
    ],
    "skos:definition": [
        {
            "@language": "es",
            "@value": "actividad judicial especializada en las materias laborales; la institución jurisdiccional correspondiente es la Magistratura del Trabajo"
        }
    ],
    "skos:broader": [
        "LT7038003"
    ],
    "skos:related": [
        "LT7470983"
    ]
}