{
    "@context": {
        "@base": "http://lynx-project.eu/kos/labour law",
        "dcterms": "http://purl.org/dc/terms/",
        "rdfs": "http://www.w3.org/2000/01/rdf-schema#",
        "rdf": "http://www.w3.org/1999/02/22-rdf-syntax-ns#",
        "dc": "http://purl.org/dc/elements/1.1/",
        "skos": "http://www.w3.org/2004/02/skos/core#",
        "owl": "http://www.w3.org/2002/07/owl#",
        "skos:broader": {
            "@type": "@id"
        },
        "skos:inScheme": {
            "@type": "@id"
        },
        "skos:related": {
            "@type": "@id"
        },
        "skos:narrower": {
            "@type": "@id"
        },
        "skos:hasTopConcept": {
            "@type": "@id"
        },
        "skos:topConceptOf": {
            "@type": "@id"
        }
    },
    "@id": "LT3690918",
    "@type": "skos:Concept",
    "skos:inScheme": "legitimación",
    "owl:sameAs": "https://iate.europa.eu/entry/result/1393841",
    "skos:topConceptOf": "LT3690918",
    "skos:prefLabel": [
        {
            "@language": "es",
            "@value": "legitimación"
        },
        {
            "@language": "de",
            "@value": "Recht"
        }
    ],
    "skos:altLabel": [
        {
            "@language": "es",
            "@value": "pretensión legal"
        },
        {
            "@language": "es",
            "@value": "título legal"
        },
        {
            "@language": "es",
            "@value": "legitimación"
        },
        {
            "@language": "es",
            "@value": "legitimidad"
        },
        {
            "@language": "es",
            "@value": "poder"
        },
        {
            "@language": "de",
            "@value": "Rechtsanspruch"
        },
        {
            "@language": "de",
            "@value": "Anspruch"
        },
        {
            "@language": "de",
            "@value": "Berechtigung"
        },
        {
            "@language": "es",
            "@value": ""
        }
    ],
    "skos:definition": [
        {
            "@language": "de",
            "@value": "Befugnis die sich fuer den Berechtigten aus dem objektiven Recht unmittelbar ergibt oder die auf Grund des objektiven Rechts erworben wird"
        }
    ],
    "skos:broader": [
        "LT9014566"
    ],
    "skos:narrower": [
        "LT2721114"
    ],
    "skos:related": [
        "LT1912859"
    ]
}