{
    "@context": {
        "@base": "http://lynx-project.eu/kos/labour law",
        "dcterms": "http://purl.org/dc/terms/",
        "rdfs": "http://www.w3.org/2000/01/rdf-schema#",
        "rdf": "http://www.w3.org/1999/02/22-rdf-syntax-ns#",
        "dc": "http://purl.org/dc/elements/1.1/",
        "skos": "http://www.w3.org/2004/02/skos/core#",
        "owl": "http://www.w3.org/2002/07/owl#",
        "skos:broader": {
            "@type": "@id"
        },
        "skos:inScheme": {
            "@type": "@id"
        },
        "skos:related": {
            "@type": "@id"
        },
        "skos:narrower": {
            "@type": "@id"
        },
        "skos:hasTopConcept": {
            "@type": "@id"
        },
        "skos:topConceptOf": {
            "@type": "@id"
        }
    },
    "@id": "LT4778600",
    "@type": "skos:Concept",
    "skos:inScheme": "mayoría de los miembros",
    "owl:sameAs": "https://iate.europa.eu/entry/result/325803",
    "skos:topConceptOf": "LT4778600",
    "skos:prefLabel": [
        {
            "@language": "es",
            "@value": "mayoría de los miembros"
        },
        {
            "@language": "en",
            "@value": "majority of members present and voting"
        },
        {
            "@language": "de",
            "@value": "Mehrheit der anwesenden und stimmberechtigten Mitglieder"
        },
        {
            "@language": "nl",
            "@value": "meerderheid van de aanwezige en aan de stemming deelnemende leden"
        }
    ],
    "skos:altLabel": [
        {
            "@language": "es",
            "@value": ""
        }
    ],
    "skos:definition": []
}