{
    "@context": {
        "@base": "http://lynx-project.eu/kos/labour law",
        "dcterms": "http://purl.org/dc/terms/",
        "rdfs": "http://www.w3.org/2000/01/rdf-schema#",
        "rdf": "http://www.w3.org/1999/02/22-rdf-syntax-ns#",
        "dc": "http://purl.org/dc/elements/1.1/",
        "skos": "http://www.w3.org/2004/02/skos/core#",
        "owl": "http://www.w3.org/2002/07/owl#",
        "skos:broader": {
            "@type": "@id"
        },
        "skos:inScheme": {
            "@type": "@id"
        },
        "skos:related": {
            "@type": "@id"
        },
        "skos:narrower": {
            "@type": "@id"
        },
        "skos:hasTopConcept": {
            "@type": "@id"
        },
        "skos:topConceptOf": {
            "@type": "@id"
        }
    },
    "@id": "LT5931080",
    "@type": "skos:Concept",
    "skos:inScheme": "periodo de descanso",
    "owl:sameAs": "https://iate.europa.eu/entry/result/1353351",
    "skos:topConceptOf": "LT5931080",
    "skos:prefLabel": [
        {
            "@language": "es",
            "@value": "periodo de descanso"
        },
        {
            "@language": "en",
            "@value": "rest period"
        },
        {
            "@language": "de",
            "@value": "Pause"
        },
        {
            "@language": "nl",
            "@value": "rust"
        }
    ],
    "skos:altLabel": [
        {
            "@language": "nl",
            "@value": "pauze"
        },
        {
            "@language": "es",
            "@value": ""
        }
    ],
    "skos:definition": [
        {
            "@language": "en",
            "@value": "a period during which the metabolism of the organism is at a lower level than in activity periods"
        },
        {
            "@language": "de",
            "@value": "Unterbrechung der Erwerbstätigkeit"
        }
    ]
}