{
    "@context": {
        "@base": "http://lynx-project.eu/kos/labour law",
        "dcterms": "http://purl.org/dc/terms/",
        "rdfs": "http://www.w3.org/2000/01/rdf-schema#",
        "rdf": "http://www.w3.org/1999/02/22-rdf-syntax-ns#",
        "dc": "http://purl.org/dc/elements/1.1/",
        "skos": "http://www.w3.org/2004/02/skos/core#",
        "owl": "http://www.w3.org/2002/07/owl#",
        "skos:broader": {
            "@type": "@id"
        },
        "skos:inScheme": {
            "@type": "@id"
        },
        "skos:related": {
            "@type": "@id"
        },
        "skos:narrower": {
            "@type": "@id"
        },
        "skos:hasTopConcept": {
            "@type": "@id"
        },
        "skos:topConceptOf": {
            "@type": "@id"
        }
    },
    "@id": "LT2116323",
    "@type": "skos:Concept",
    "skos:inScheme": "procedimiento concursal",
    "owl:sameAs": "https://iate.europa.eu/entry/result/760030",
    "skos:topConceptOf": "LT2116323",
    "skos:prefLabel": [
        {
            "@language": "es",
            "@value": "procedimiento concursal"
        },
        {
            "@language": "en",
            "@value": "bankruptcy proceedings"
        },
        {
            "@language": "de",
            "@value": "Konkursverfahren"
        },
        {
            "@language": "nl",
            "@value": "faillissementsprocedure"
        }
    ],
    "skos:altLabel": [
        {
            "@language": "es",
            "@value": "procedimiento concursal"
        },
        {
            "@language": "en",
            "@value": "bankruptcy procedure"
        },
        {
            "@language": "es",
            "@value": ""
        }
    ],
    "skos:definition": [
        {
            "@language": "en",
            "@value": "Court proceedings initiated in order for a debtor to be declared bankrupt"
        }
    ]
}