{
    "@context": {
        "@base": "http://lynx-project.eu/kos/labour law",
        "dcterms": "http://purl.org/dc/terms/",
        "rdfs": "http://www.w3.org/2000/01/rdf-schema#",
        "rdf": "http://www.w3.org/1999/02/22-rdf-syntax-ns#",
        "dc": "http://purl.org/dc/elements/1.1/",
        "skos": "http://www.w3.org/2004/02/skos/core#",
        "owl": "http://www.w3.org/2002/07/owl#",
        "skos:broader": {
            "@type": "@id"
        },
        "skos:inScheme": {
            "@type": "@id"
        },
        "skos:related": {
            "@type": "@id"
        },
        "skos:narrower": {
            "@type": "@id"
        },
        "skos:hasTopConcept": {
            "@type": "@id"
        },
        "skos:topConceptOf": {
            "@type": "@id"
        }
    },
    "@id": "LT2613227",
    "@type": "skos:Concept",
    "skos:inScheme": "procedimiento arbitral",
    "owl:sameAs": "https://iate.europa.eu/entry/result/774904",
    "skos:topConceptOf": "LT2613227",
    "skos:prefLabel": [
        {
            "@language": "es",
            "@value": "procedimiento arbitral"
        },
        {
            "@language": "en",
            "@value": "arbitration procedure"
        },
        {
            "@language": "de",
            "@value": "Schiedsverfahren"
        },
        {
            "@language": "nl",
            "@value": "arbitrageprocedure"
        }
    ],
    "skos:altLabel": [
        {
            "@language": "en",
            "@value": "arbitration proceedings"
        },
        {
            "@language": "en",
            "@value": "mutual agreement procedure"
        },
        {
            "@language": "en",
            "@value": "mutual agreement arbitration procedure"
        },
        {
            "@language": "de",
            "@value": "schiedsgerichtliches Verfahren"
        },
        {
            "@language": "de",
            "@value": "Schlichtungsverfahren"
        },
        {
            "@language": "de",
            "@value": "schiedsrichterliches Verfahren"
        },
        {
            "@language": "es",
            "@value": ""
        }
    ],
    "skos:definition": [
        {
            "@language": "es",
            "@value": "Procedimiento por el cual se somete una controversia por acuerdo de las partes a un árbitro o a un tribunal de varios árbitros que dicta una decisión sobre la controversia que es obligatoria para las partes."
        },
        {
            "@language": "en",
            "@value": "procedure in which a dispute is submitted by agreement of the parties to one or more arbitrators who make a binding decision on the dispute"
        },
        {
            "@language": "de",
            "@value": "Form der Streitbeilegung durch ein privates Gerichtsverfahren das nicht vor einem ordentlichen Gericht stattfindet sondern vor einem institutionellen Schiedsgereicht (institutionelles Schiedsverfahren) oder einem Gelegenheitsschiedsgericht (Ad-hoc-Schiedsverfahren)"
        }
    ]
}