{
    "@context": {
        "@base": "http://lynx-project.eu/kos/labour law",
        "dcterms": "http://purl.org/dc/terms/",
        "rdfs": "http://www.w3.org/2000/01/rdf-schema#",
        "rdf": "http://www.w3.org/1999/02/22-rdf-syntax-ns#",
        "dc": "http://purl.org/dc/elements/1.1/",
        "skos": "http://www.w3.org/2004/02/skos/core#",
        "owl": "http://www.w3.org/2002/07/owl#",
        "skos:broader": {
            "@type": "@id"
        },
        "skos:inScheme": {
            "@type": "@id"
        },
        "skos:related": {
            "@type": "@id"
        },
        "skos:narrower": {
            "@type": "@id"
        },
        "skos:hasTopConcept": {
            "@type": "@id"
        },
        "skos:topConceptOf": {
            "@type": "@id"
        }
    },
    "@id": "LT3174543",
    "@type": "skos:Concept",
    "skos:inScheme": "procedimiento de consultas",
    "owl:sameAs": "https://iate.europa.eu/entry/result/1872795",
    "skos:topConceptOf": "LT3174543",
    "skos:prefLabel": [
        {
            "@language": "es",
            "@value": "procedimiento de consultas"
        },
        {
            "@language": "en",
            "@value": "inquiry procedure"
        }
    ],
    "skos:altLabel": [
        {
            "@language": "es",
            "@value": ""
        }
    ],
    "skos:definition": [
        {
            "@language": "en",
            "@value": "a procedure that enables a device to discover which devices are in range and determine the addresses and clocks for the devices"
        }
    ]
}