{
    "@context": {
        "@base": "http://lynx-project.eu/kos/labour law",
        "dcterms": "http://purl.org/dc/terms/",
        "rdfs": "http://www.w3.org/2000/01/rdf-schema#",
        "rdf": "http://www.w3.org/1999/02/22-rdf-syntax-ns#",
        "dc": "http://purl.org/dc/elements/1.1/",
        "skos": "http://www.w3.org/2004/02/skos/core#",
        "owl": "http://www.w3.org/2002/07/owl#",
        "skos:broader": {
            "@type": "@id"
        },
        "skos:inScheme": {
            "@type": "@id"
        },
        "skos:related": {
            "@type": "@id"
        },
        "skos:narrower": {
            "@type": "@id"
        },
        "skos:hasTopConcept": {
            "@type": "@id"
        },
        "skos:topConceptOf": {
            "@type": "@id"
        }
    },
    "@id": "LT7031062",
    "@type": "skos:Concept",
    "skos:inScheme": "razón de sexo",
    "owl:sameAs": "https://iate.europa.eu/entry/result/886377",
    "skos:topConceptOf": "LT7031062",
    "skos:prefLabel": [
        {
            "@language": "es",
            "@value": "razón de sexo"
        },
        {
            "@language": "en",
            "@value": "gender-based pay inequality"
        },
        {
            "@language": "de",
            "@value": "geschlechtsspezifischer Lohnunterschied"
        },
        {
            "@language": "nl",
            "@value": "loonongelijkheid tussen mannen en vrouwen"
        }
    ],
    "skos:altLabel": [
        {
            "@language": "es",
            "@value": "desigualdad de remuneración por razón de sexo"
        },
        {
            "@language": "de",
            "@value": "geschlechtsspezifischer Einkommensunterschied"
        },
        {
            "@language": "de",
            "@value": "geschlechtsspezifische Einkommensungleichheit"
        },
        {
            "@language": "nl",
            "@value": "ongelijke beloning van mannen en vrouwen"
        },
        {
            "@language": "nl",
            "@value": "tussen"
        },
        {
            "@language": "nl",
            "@value": "beloningsongelijkheid tussen mannen en vrouwen"
        },
        {
            "@language": "es",
            "@value": ""
        }
    ],
    "skos:definition": [
        {
            "@language": "es",
            "@value": "Situación de hecho en la que a igualdad de competencias y cualificaciones un hombre y una mujer que ejercen la misma función no perciben la misma remuneración."
        },
        {
            "@language": "en",
            "@value": "a pay inequality ( IATE:926612 ) between men and women"
        },
        {
            "@language": "de",
            "@value": "unterschiedliche Vergütung gleicher oder gleichwertiger Arbeit von Männern und Frauen"
        },
        {
            "@language": "nl",
            "@value": "het feit dat vrouwen voor hetzelfde werk minder verdienen dan mannen"
        }
    ]
}