{
    "@context": {
        "@base": "http://lynx-project.eu/kos/labour law",
        "dcterms": "http://purl.org/dc/terms/",
        "rdfs": "http://www.w3.org/2000/01/rdf-schema#",
        "rdf": "http://www.w3.org/1999/02/22-rdf-syntax-ns#",
        "dc": "http://purl.org/dc/elements/1.1/",
        "skos": "http://www.w3.org/2004/02/skos/core#",
        "owl": "http://www.w3.org/2002/07/owl#",
        "skos:broader": {
            "@type": "@id"
        },
        "skos:inScheme": {
            "@type": "@id"
        },
        "skos:related": {
            "@type": "@id"
        },
        "skos:narrower": {
            "@type": "@id"
        },
        "skos:hasTopConcept": {
            "@type": "@id"
        },
        "skos:topConceptOf": {
            "@type": "@id"
        }
    },
    "@id": "LT7724168",
    "@type": "skos:Concept",
    "skos:inScheme": "representación de los trabajadores",
    "owl:sameAs": "https://iate.europa.eu/entry/result/1452750",
    "skos:topConceptOf": "LT7724168",
    "skos:prefLabel": [
        {
            "@language": "es",
            "@value": "representación de los trabajadores"
        },
        {
            "@language": "en",
            "@value": "employee representation"
        },
        {
            "@language": "de",
            "@value": "Arbeitnehmervertretung"
        },
        {
            "@language": "nl",
            "@value": "werknemersvertegenwoordiging"
        }
    ],
    "skos:altLabel": [
        {
            "@language": "en",
            "@value": "work force representation"
        },
        {
            "@language": "es",
            "@value": ""
        }
    ],
    "skos:definition": [],
    "skos:broader": [
        "LT1836891"
    ],
    "skos:narrower": [
        "LT3551112"
    ]
}