{
    "@context": {
        "@base": "http://lynx-project.eu/kos/labour law",
        "dcterms": "http://purl.org/dc/terms/",
        "rdfs": "http://www.w3.org/2000/01/rdf-schema#",
        "rdf": "http://www.w3.org/1999/02/22-rdf-syntax-ns#",
        "dc": "http://purl.org/dc/elements/1.1/",
        "skos": "http://www.w3.org/2004/02/skos/core#",
        "owl": "http://www.w3.org/2002/07/owl#",
        "skos:broader": {
            "@type": "@id"
        },
        "skos:inScheme": {
            "@type": "@id"
        },
        "skos:related": {
            "@type": "@id"
        },
        "skos:narrower": {
            "@type": "@id"
        },
        "skos:hasTopConcept": {
            "@type": "@id"
        },
        "skos:topConceptOf": {
            "@type": "@id"
        }
    },
    "@id": "LT2775664",
    "@type": "skos:Concept",
    "skos:inScheme": "representación legal",
    "owl:sameAs": "https://iate.europa.eu/entry/result/3583493",
    "skos:topConceptOf": "LT2775664",
    "skos:prefLabel": [
        {
            "@language": "es",
            "@value": "representación legal"
        },
        {
            "@language": "en",
            "@value": "legal representation of children"
        },
        {
            "@language": "de",
            "@value": "gesetzliche Vertretung des Minderjährigen"
        },
        {
            "@language": "nl",
            "@value": "vertegenwoordiging van het kind in burgerlijke handelingen"
        }
    ],
    "skos:altLabel": [
        {
            "@language": "de",
            "@value": "Vertretung des Kindes"
        },
        {
            "@language": "de",
            "@value": "gesetzliche Vertretung des Kindes"
        },
        {
            "@language": "nl",
            "@value": "vertegenwoordiging van het kind in rechte"
        },
        {
            "@language": "nl",
            "@value": "wettelijke vertegenwoordiging van het kind"
        },
        {
            "@language": "es",
            "@value": ""
        }
    ],
    "skos:definition": [
        {
            "@language": "en",
            "@value": "Acting as the child's legal representative has three aspects: administration of the child's property; consenting to transactions where the child does not have legal capacity; and suing and defending in civil proceedings."
        }
    ]
}