{
    "@context": {
        "@base": "http://lynx-project.eu/kos/labour law",
        "dcterms": "http://purl.org/dc/terms/",
        "rdfs": "http://www.w3.org/2000/01/rdf-schema#",
        "rdf": "http://www.w3.org/1999/02/22-rdf-syntax-ns#",
        "dc": "http://purl.org/dc/elements/1.1/",
        "skos": "http://www.w3.org/2004/02/skos/core#",
        "owl": "http://www.w3.org/2002/07/owl#",
        "skos:broader": {
            "@type": "@id"
        },
        "skos:inScheme": {
            "@type": "@id"
        },
        "skos:related": {
            "@type": "@id"
        },
        "skos:narrower": {
            "@type": "@id"
        },
        "skos:hasTopConcept": {
            "@type": "@id"
        },
        "skos:topConceptOf": {
            "@type": "@id"
        }
    },
    "@id": "LT7684870",
    "@type": "skos:Concept",
    "skos:inScheme": "servicio determinados",
    "owl:sameAs": "https://iate.europa.eu/entry/result/3585551",
    "skos:topConceptOf": "LT7684870",
    "skos:prefLabel": [
        {
            "@language": "es",
            "@value": "servicio determinados"
        },
        {
            "@language": "de",
            "@value": "Arbeitsvertrag zur Erfüllung einer bestimmten Aufgabe"
        }
    ],
    "skos:altLabel": [
        {
            "@language": "de",
            "@value": "befristeter Arbeitsvertrag zur Erfüllung einer bestimmten Aufgabe"
        },
        {
            "@language": "de",
            "@value": "Vertrag zur Erfüllung einer bestimmten Aufgabe"
        },
        {
            "@language": "es",
            "@value": ""
        }
    ],
    "skos:definition": [
        {
            "@language": "es",
            "@value": "Contrato que se concierta para la realización de una obra o la prestación de un servicio determinados con autonomía y sustantividad propia dentro de la actividad de la empresa y cuya ejecución aunque limitada en el tiempo es en principio de duración incierta. [ES]"
        }
    ]
}