{
    "@context": {
        "@base": "http://lynx-project.eu/kos/labour law",
        "dcterms": "http://purl.org/dc/terms/",
        "rdfs": "http://www.w3.org/2000/01/rdf-schema#",
        "rdf": "http://www.w3.org/1999/02/22-rdf-syntax-ns#",
        "dc": "http://purl.org/dc/elements/1.1/",
        "skos": "http://www.w3.org/2004/02/skos/core#",
        "owl": "http://www.w3.org/2002/07/owl#",
        "skos:broader": {
            "@type": "@id"
        },
        "skos:inScheme": {
            "@type": "@id"
        },
        "skos:related": {
            "@type": "@id"
        },
        "skos:narrower": {
            "@type": "@id"
        },
        "skos:hasTopConcept": {
            "@type": "@id"
        },
        "skos:topConceptOf": {
            "@type": "@id"
        }
    },
    "@id": "LT1842126",
    "@type": "skos:Concept",
    "skos:inScheme": "tablón de anuncios",
    "owl:sameAs": "https://iate.europa.eu/entry/result/1391422",
    "skos:topConceptOf": "LT1842126",
    "skos:prefLabel": [
        {
            "@language": "es",
            "@value": "tablón de anuncios"
        },
        {
            "@language": "en",
            "@value": "notice board"
        },
        {
            "@language": "de",
            "@value": "schwarzes Brett"
        },
        {
            "@language": "nl",
            "@value": "aanplakbord"
        }
    ],
    "skos:altLabel": [
        {
            "@language": "en",
            "@value": "bulletin board"
        },
        {
            "@language": "en",
            "@value": "tack board"
        },
        {
            "@language": "de",
            "@value": "Anschlagtafel"
        },
        {
            "@language": "de",
            "@value": "Aushangtafel"
        },
        {
            "@language": "es",
            "@value": ""
        }
    ],
    "skos:definition": [
        {
            "@language": "en",
            "@value": "a board displaying a notice or a warning"
        },
        {
            "@language": "de",
            "@value": "Tafel fuer Veroeffentlichungen"
        }
    ],
    "skos:broader": [
        "LT8920716"
    ],
    "skos:related": [
        "LT7515885"
    ]
}